Date,TCWRS,ETI-5,eti_available_count,eti_raw_score,eti_capped_score,eti_cap_reason,Tail Risk,BCD,CP,bear_trend_score,bear_trend_floor_signal,red_confirmed_by,signal_before_stability_rule,signal_after_stability_rule,red_lock_active,Signal,Close,forward_5d_max_drawdown,forward_10d_max_drawdown,forward_20d_max_drawdown,forward_40d_max_drawdown,forward_60d_max_drawdown,Forward 20D Max Drawdown %,false_positive_20d,false_positive_40d,false_positive_60d,delayed_valid_signal,False Positive,Drawdown Avoided %
2022-01-03,0,0,1,0,0,available components <= 2; capped at 2,8.92,0.0,1.78,0,,,Green,Green,False,Green,18270.51,-0.55,-0.55,-3.26,-7.91,-7.91,-3.26,False,False,False,False,False,0.0
2022-01-04,0,0,1,0,0,available components <= 2; capped at 2,12.6,0.0,2.52,0,,,Green,Green,False,Green,18526.35,-1.92,-1.92,-4.6,-9.18,-9.18,-4.6,False,False,False,False,False,0.0
2022-01-05,4,0,1,0,0,available components <= 2; capped at 2,10.17,12.0,4.83,0,,,Green,Green,False,Green,18499.96,-1.78,-1.78,-4.46,-9.05,-9.05,-4.46,False,False,False,False,False,0.0
2022-01-06,8,0,1,0,0,available components <= 2; capped at 2,10.73,24.0,7.75,0,,,Green,Green,False,Green,18367.92,-1.08,-1.08,-3.78,-8.4,-8.4,-3.78,False,False,False,False,False,0.0
2022-01-07,12,0,1,0,0,available components <= 2; capped at 2,16.06,36.0,11.61,0,,,Green,Green,False,Green,18169.76,0.38,-1.49,-2.73,-7.4,-7.4,-2.73,False,False,False,False,False,0.0
2022-01-10,4,0,1,0,0,available components <= 2; capped at 2,11.45,3.1,4.2,0,,,Green,Green,False,Green,18239.38,0.27,-1.86,-3.1,-7.75,-7.75,-3.1,False,False,False,False,False,0.0
2022-01-11,4,0,1,0,0,available components <= 2; capped at 2,10.48,2.57,3.95,0,,,Green,Green,False,Green,18288.21,0.48,-3.21,-3.36,-8.0,-8.0,-3.36,False,False,False,False,False,0.0
2022-01-12,0,0,1,0,0,available components <= 2; capped at 2,10.52,1.63,2.27,0,,,Green,Green,False,Green,18375.4,-0.81,-3.81,-3.81,-8.44,-8.44,-3.81,False,False,False,False,False,0.0
2022-01-13,0,0,1,0,0,available components <= 2; capped at 2,10.32,0.97,2.16,0,,,Green,Green,False,Green,18436.93,-1.19,-4.14,-4.14,-8.74,-8.74,-4.14,False,False,False,False,False,0.0
2022-01-14,4,0,1,0,0,available components <= 2; capped at 2,10.43,12.0,4.89,0,,,Green,Green,False,Green,18403.33,-2.74,-3.96,-3.96,-8.57,-8.57,-3.96,False,False,False,False,False,0.0
2022-01-17,0,0,1,0,0,available components <= 2; capped at 2,9.73,0.01,1.95,0,,,Green,Green,False,Green,18525.44,-3.38,-4.59,-4.59,-9.18,-10.28,-4.59,False,False,False,False,False,0.0
2022-01-18,12,0,1,0,0,available components <= 2; capped at 2,10.4,12.0,8.08,0,,,Green,Green,False,Green,18378.64,-3.69,-3.83,-4.27,-8.45,-9.56,-4.27,False,False,False,False,False,0.0
2022-01-19,28,1,1,1,1,available components <= 2; capped at 2,14.48,24.0,22.5,0,,,Yellow,Yellow,False,Yellow,18227.46,-3.03,-3.03,-3.47,-7.69,-10.56,-3.47,False,False,False,False,False,0.0
2022-01-20,32,1,1,1,1,available components <= 2; capped at 2,10.9,36.0,24.58,0,,,Yellow,Yellow,False,Yellow,18218.28,-2.99,-2.99,-3.42,-7.65,-10.51,-3.42,False,False,False,False,False,0.0
2022-01-21,35,1,1,1,1,available components <= 2; capped at 2,16.2,48.0,28.04,2,Yellow,,Yellow,Yellow,False,Yellow,17899.3,-1.26,-1.26,-1.7,-6.0,-8.92,-1.7,False,False,False,False,False,0.0
2022-01-24,23,1,1,1,1,available components <= 2; capped at 2,13.16,7.86,18.62,2,Yellow,,Yellow,Yellow,False,Yellow,17989.04,-1.75,-1.75,-2.19,-6.47,-9.37,-2.19,False,False,False,False,False,0.0
2022-01-25,31,1,1,1,1,available components <= 2; capped at 2,14.4,15.28,22.81,2,Yellow,,Yellow,Yellow,False,Yellow,17701.12,-0.15,-0.15,-0.6,-4.95,-7.9,-0.6,False,False,False,False,False,0.0
2022-01-26,35,1,1,1,1,available components <= 2; capped at 2,15.74,24.0,25.55,2,Yellow,,Yellow,Yellow,False,Yellow,17674.4,1.28,1.28,-2.8,-4.8,-7.76,-2.8,False,False,False,False,False,0.0
2022-02-07,23,1,1,1,1,available components <= 2; capped at 2,15.15,8.65,19.09,2,Yellow,,Yellow,Yellow,False,Yellow,17900.3,0.37,0.29,-6.01,-6.01,-8.92,-6.01,False,False,False,False,False,0.0
2022-02-08,23,1,1,1,1,available components <= 2; capped at 2,15.19,6.49,18.89,2,Yellow,,Yellow,Yellow,False,Yellow,17966.56,-0.08,-0.08,-6.35,-6.35,-10.67,-6.35,False,False,False,False,False,0.0
2022-02-09,20,1,1,1,1,available components <= 2; capped at 2,14.64,4.04,17.33,0,,,Yellow,Yellow,False,Yellow,18151.76,-1.1,-1.1,-7.31,-7.31,-11.58,-7.31,False,False,False,False,False,0.0
2022-02-10,0,0,1,0,0,available components <= 2; capped at 2,15.32,2.03,3.27,0,,,Green,Green,False,Green,18338.05,-2.11,-4.05,-8.25,-8.25,-12.72,-8.25,False,False,False,False,False,0.0
2022-02-11,4,0,1,0,0,available components <= 2; capped at 2,15.06,12.0,5.81,0,,,Green,Green,False,Green,18310.94,-1.96,-3.91,-8.11,-8.11,-14.71,-8.11,False,False,False,False,False,0.0
2022-02-14,35,1,1,1,1,available components <= 2; capped at 2,16.71,24.0,25.74,2,Yellow,,Yellow,Yellow,False,Yellow,17997.67,-0.25,-2.24,-6.51,-6.51,-13.23,-6.51,False,False,False,False,False,0.0
2022-02-15,35,1,1,1,1,available components <= 2; capped at 2,17.65,36.0,27.13,2,Yellow,,Yellow,Yellow,False,Yellow,17951.81,0.1,-1.99,-6.28,-6.28,-13.01,-6.28,False,False,False,False,False,0.0
2022-02-16,0,0,1,0,0,available components <= 2; capped at 2,17.2,3.18,3.76,0,,,Green,Green,False,Green,18231.47,-1.44,-3.49,-7.71,-7.71,-14.34,-7.71,False,False,False,False,False,0.0
2022-02-17,0,0,1,0,0,available components <= 2; capped at 2,17.1,2.78,3.7,0,,,Green,Green,False,Green,18268.57,-3.69,-3.69,-7.9,-7.9,-14.52,-7.9,False,False,False,False,False,0.0
2022-02-18,4,0,1,0,0,available components <= 2; capped at 2,17.04,12.0,6.21,0,,,Green,Green,False,Green,18232.35,-3.5,-5.78,-7.72,-7.72,-14.35,-7.72,False,False,False,False,False,0.0
2022-02-21,4,0,1,0,0,available components <= 2; capped at 2,17.03,24.0,7.41,0,,,Green,Green,False,Green,18221.49,-3.44,-7.66,-7.66,-7.66,-14.3,-7.66,False,False,False,False,False,0.0
2022-02-22,35,1,1,1,1,available components <= 2; capped at 2,17.56,36.0,27.11,2,Yellow,,Yellow,Yellow,False,Yellow,17969.29,-2.09,-6.37,-6.37,-6.37,-13.09,-6.37,False,False,False,False,False,0.0
2022-02-23,20,1,1,1,1,available components <= 2; capped at 2,17.52,5.08,18.01,0,,,Yellow,Yellow,False,Yellow,18055.73,-2.55,-6.81,-6.81,-7.95,-13.51,-6.81,False,False,False,False,False,0.0
2022-02-24,31,1,1,1,1,available components <= 2; capped at 2,22.99,12.48,24.25,2,Yellow,,Yellow,Yellow,False,Yellow,17594.55,0.33,-4.37,-4.37,-5.53,-11.24,-4.37,False,False,False,False,False,0.0
2022-02-25,23,1,1,1,1,available components <= 2; capped at 2,20.12,10.1,20.23,3,Strengthened Yellow,,Strengthened Yellow,Strengthened Yellow,False,Strengthened Yellow,17652.18,-2.68,-4.68,-4.68,-7.64,-11.53,-4.68,False,False,False,False,False,0.0
2022-03-01,23,1,1,1,1,available components <= 2; capped at 2,19.79,6.78,19.84,3,Strengthened Yellow,,Strengthened Yellow,Strengthened Yellow,False,Strengthened Yellow,17898.25,-5.99,-5.99,-5.99,-8.91,-12.75,-5.99,False,False,False,False,False,0.0
2022-03-02,27,1,1,1,1,available components <= 2; capped at 2,19.69,12.0,21.94,3,Strengthened Yellow,,Strengthened Yellow,Strengthened Yellow,False,Strengthened Yellow,17867.6,-5.83,-5.83,-5.83,-8.75,-12.6,-5.83,False,False,False,False,False,0.0
2022-03-03,23,1,1,1,1,available components <= 2; capped at 2,18.57,6.39,19.55,3,Strengthened Yellow,,Strengthened Yellow,Strengthened Yellow,False,Strengthened Yellow,17934.4,-6.18,-6.18,-6.18,-9.09,-12.92,-6.18,False,False,False,False,False,0.0
2022-03-04,31,1,1,1,1,available components <= 2; capped at 2,19.15,12.0,23.43,3,Strengthened Yellow,,Strengthened Yellow,Strengthened Yellow,False,Strengthened Yellow,17736.52,-5.14,-5.14,-5.14,-8.08,-11.95,-5.14,False,False,False,False,False,0.0
2022-03-07,35,1,1,1,1,available components <= 2; capped at 2,37.92,24.0,29.98,3,Strengthened Yellow,,Strengthened Yellow,Strengthened Yellow,False,Strengthened Yellow,17178.69,-2.06,-2.06,-2.06,-5.1,-9.09,-2.06,False,False,False,False,False,0.0
2022-03-08,35,1,1,1,1,available components <= 2; capped at 2,46.24,36.0,32.85,4,Orange,,Orange,Orange,False,Orange,16825.25,0.6,0.6,0.6,-3.1,-7.18,0.6,True,True,True,False,True,7.18
2022-03-09,23,1,1,1,1,available components <= 2; capped at 2,23.36,23.96,22.27,4,Orange,,Orange,Orange,False,Orange,17015.36,-0.52,-0.52,-0.52,-5.68,-8.22,-0.52,True,True,True,False,True,8.22
2022-03-10,23,1,1,1,1,available components <= 2; capped at 2,25.4,11.8,21.46,4,Orange,,Orange,Orange,False,Orange,17433.2,-2.91,-2.91,-2.91,-7.94,-10.42,-2.91,True,True,False,True,False,10.42
2022-03-11,31,1,1,1,1,available components <= 2; capped at 2,25.55,14.54,24.96,4,Orange,,Orange,Orange,False,Orange,17264.74,-1.96,-1.96,-1.96,-7.29,-9.55,-1.96,True,True,True,False,True,9.55
2022-03-14,35,1,1,1,1,available components <= 2; capped at 2,24.85,24.0,27.37,4,Orange,,Orange,Orange,False,Orange,17263.04,-1.95,-1.95,-1.95,-9.54,-9.54,-1.95,True,False,True,True,False,9.54
2022-03-15,35,1,1,1,1,available components <= 2; capped at 2,25.82,36.0,28.76,4,Orange,,Orange,Orange,False,Orange,16926.06,0.09,0.09,0.09,-7.74,-7.74,0.09,True,True,True,False,True,7.74
2022-03-16,23,1,1,1,1,available components <= 2; capped at 2,24.67,19.42,22.08,4,Orange,,Orange,Orange,False,Orange,16940.83,3.0,3.0,0.3,-7.82,-7.82,0.3,True,True,True,False,True,7.82
2022-03-17,23,1,1,1,1,available components <= 2; capped at 2,28.1,11.64,21.98,4,Orange,,Orange,Orange,False,Orange,17448.22,0.05,0.05,-3.15,-10.5,-10.5,-3.15,True,False,False,True,False,10.5
2022-03-18,23,1,1,1,1,available components <= 2; capped at 2,28.12,11.55,21.98,4,Orange,,Orange,Orange,False,Orange,17456.52,0.59,0.36,-3.19,-10.54,-10.54,-3.19,True,False,False,True,False,10.54
2022-03-21,15,0,1,0,0,available components <= 2; capped at 2,28.31,10.43,12.7,4,Orange,,Orange,Orange,False,Orange,17560.36,-0.23,-0.23,-3.77,-11.07,-11.07,-3.77,True,False,False,True,False,11.07
2022-03-22,19,0,1,0,0,available components <= 2; capped at 2,27.85,12.0,14.37,4,Orange,,Orange,Orange,False,Orange,17559.71,-0.23,-2.17,-3.76,-11.07,-12.48,-3.76,True,False,False,True,False,12.48
2022-03-23,15,0,1,0,0,available components <= 2; capped at 2,28.1,8.58,12.48,4,Orange,,Orange,Orange,False,Orange,17731.37,-1.19,-3.12,-4.7,-11.93,-13.33,-4.7,True,False,False,True,False,13.33
2022-03-24,19,0,1,0,0,available components <= 2; capped at 2,26.09,12.0,14.02,4,Orange,,Orange,Orange,False,Orange,17699.06,-1.01,-3.68,-6.09,-11.77,-13.28,-6.09,False,False,False,False,False,13.28
2022-03-25,19,0,1,0,0,available components <= 2; capped at 2,26.06,24.0,15.21,2,Yellow,,Yellow,Yellow,False,Yellow,17676.95,-0.89,-3.88,-5.97,-11.66,-14.15,-5.97,False,False,False,False,False,0.0
2022-03-28,23,0,1,0,0,available components <= 2; capped at 2,25.62,36.0,17.92,4,Orange,,Orange,Orange,False,Orange,17520.01,0.01,-3.02,-6.94,-10.86,-13.38,-6.94,False,False,False,False,False,13.38
2022-03-29,15,0,1,0,0,available components <= 2; capped at 2,25.64,10.55,12.18,4,Orange,,Orange,Orange,False,Orange,17548.66,-2.11,-3.18,-7.1,-11.01,-13.52,-7.1,False,False,False,False,False,13.52
2022-03-30,15,0,1,0,0,available components <= 2; capped at 2,26.02,8.48,12.05,4,Orange,,Orange,Orange,False,Orange,17740.56,-3.17,-4.23,-8.1,-11.97,-14.45,-8.1,False,False,False,False,False,14.45
2022-03-31,19,0,1,0,0,available components <= 2; capped at 2,25.65,12.0,13.93,4,Orange,,Orange,Orange,False,Orange,17693.47,-3.65,-4.49,-7.86,-11.74,-14.23,-7.86,False,False,False,False,False,14.23
2022-04-01,19,0,1,0,0,available components <= 2; capped at 2,22.03,24.0,14.41,4,Orange,,Orange,Orange,False,Orange,17625.59,-3.6,-4.12,-7.5,-11.4,-15.89,-7.5,False,False,False,False,False,15.89
2022-04-06,19,0,1,0,0,available components <= 2; capped at 2,20.25,36.0,15.25,4,Orange,,Orange,Orange,False,Orange,17522.5,-3.03,-3.56,-6.96,-10.88,-18.14,-6.96,False,False,False,False,False,18.14
2022-04-07,35,1,1,1,1,available components <= 2; capped at 2,22.82,48.0,29.36,4,Orange,,Orange,Orange,False,Orange,17178.63,-1.09,-1.63,-5.1,-9.09,-17.24,-5.1,False,False,False,False,False,17.24
2022-04-08,23,1,1,1,1,available components <= 2; capped at 2,19.31,13.41,20.4,4,Orange,,Orange,Orange,False,Orange,17284.54,-1.7,-2.23,-7.15,-9.65,-17.75,-7.15,False,False,False,False,False,17.75
2022-04-11,31,1,1,1,1,available components <= 2; capped at 2,19.94,15.96,23.98,4,Orange,,Orange,Orange,False,Orange,17048.37,-0.88,-2.51,-5.86,-8.4,-17.97,-5.86,False,False,False,False,False,17.97
2022-04-12,35,1,1,1,1,available components <= 2; capped at 2,20.72,24.0,26.54,4,Orange,,Orange,Orange,False,Orange,16990.91,-0.54,-2.18,-5.8,-8.09,-17.69,-5.8,False,False,False,False,False,17.69
2022-04-13,23,1,1,1,1,available components <= 2; capped at 2,19.45,13.22,20.41,4,Orange,,Orange,Orange,False,Orange,17301.65,-2.33,-5.77,-9.74,-9.74,-19.17,-9.74,False,False,False,False,False,19.17
2022-04-14,27,1,1,1,1,available components <= 2; capped at 2,19.53,13.83,22.09,4,Orange,,Orange,Orange,False,Orange,17245.65,-2.01,-5.46,-9.45,-9.45,-18.9,-9.45,False,False,False,False,False,18.9
2022-04-15,35,1,1,1,1,available components <= 2; capped at 2,20.54,24.0,26.51,4,Orange,,Orange,Orange,False,Orange,17004.18,-0.62,-4.12,-8.16,-8.16,-17.96,-8.16,False,False,False,False,False,17.96
2022-04-18,35,1,1,1,1,available components <= 2; capped at 2,21.96,36.0,27.99,4,Orange,,Orange,Orange,False,Orange,16898.87,-1.64,-3.52,-7.59,-7.59,-17.45,-7.59,False,True,False,False,False,17.45
2022-04-19,23,1,1,1,1,available components <= 2; capped at 2,20.69,16.55,20.99,4,Orange,,Orange,Orange,False,Orange,16993.4,-2.19,-4.06,-8.1,-8.1,-17.91,-8.1,False,False,False,False,False,17.91
2022-04-20,23,1,1,1,1,available components <= 2; capped at 2,18.59,14.87,20.4,4,Orange,,Orange,Orange,False,Orange,17148.88,-4.93,-4.93,-8.93,-8.93,-18.65,-8.93,False,False,False,False,False,18.65
2022-04-21,27,1,1,1,1,available components <= 2; capped at 2,18.87,15.1,22.08,4,Orange,,Orange,Orange,False,Orange,17127.95,-4.81,-4.81,-8.82,-10.28,-18.55,-8.82,False,False,False,False,False,18.55
2022-04-22,35,1,1,1,1,available components <= 2; capped at 2,20.26,24.0,26.45,4,Orange,,Orange,Orange,False,Orange,17025.09,-4.24,-5.73,-8.27,-9.74,-18.06,-8.27,False,False,False,False,False,18.06
2022-04-25,35,1,1,1,1,available components <= 2; capped at 2,26.64,36.0,28.93,4,Orange,,Orange,Orange,False,Orange,16620.9,-1.91,-3.44,-6.04,-7.66,-16.07,-6.04,False,True,False,False,False,16.07
2022-04-26,23,1,1,1,1,available components <= 2; capped at 2,25.39,20.31,22.31,4,Orange,,Orange,Orange,False,Orange,16644.79,-2.05,-3.84,-6.18,-8.82,-16.19,-6.18,False,False,False,False,False,16.19
2022-04-27,31,1,1,1,1,available components <= 2; capped at 2,30.0,24.61,26.86,4,Orange,,Orange,Orange,False,Orange,16303.35,0.71,-4.21,-4.21,-6.91,-14.43,-4.21,True,True,False,True,False,14.43
2022-04-28,23,1,1,1,1,available components <= 2; capped at 2,28.43,22.75,23.16,4,Orange,,Orange,Orange,False,Orange,16419.38,-0.07,-4.89,-4.89,-7.57,-15.04,-4.89,True,True,False,True,False,15.04
2022-04-29,23,1,1,1,1,available components <= 2; capped at 2,26.1,20.88,22.51,4,Orange,,Orange,Orange,False,Orange,16592.18,-3.27,-5.88,-5.88,-8.53,-15.92,-5.88,False,False,False,False,False,15.92
2022-05-03,27,1,1,1,1,available components <= 2; capped at 2,27.36,21.89,24.46,4,Orange,,Orange,Orange,False,Orange,16498.9,-2.73,-5.35,-5.35,-8.02,-15.45,-5.35,False,False,False,False,False,15.45
2022-05-04,23,1,1,1,1,available components <= 2; capped at 2,26.46,21.16,22.61,4,Orange,,Orange,Orange,False,Orange,16565.83,-3.38,-5.73,-5.73,-10.5,-15.79,-5.73,False,False,False,False,False,15.79
2022-05-05,23,1,1,1,1,available components <= 2; capped at 2,24.7,19.76,22.12,4,Orange,,Orange,Orange,False,Orange,16696.12,-6.47,-6.47,-6.47,-14.09,-16.44,-6.47,False,False,False,False,False,16.44
2022-05-06,31,1,1,1,1,available components <= 2; capped at 2,28.58,22.87,26.4,4,Orange,,Orange,Orange,False,Orange,16408.2,-4.82,-4.82,-4.82,-13.35,-14.98,-4.82,True,False,False,True,False,14.98
2022-05-09,35,1,1,1,1,available components <= 2; capped at 2,34.89,26.74,29.65,4,Orange,,Orange,Orange,False,Orange,16048.92,-2.69,-2.69,-2.69,-11.41,-13.07,-2.69,True,False,False,True,False,13.07
2022-05-10,23,1,1,1,1,available components <= 2; capped at 2,33.26,26.61,24.51,4,Orange,,Orange,Orange,False,Orange,16061.7,-2.77,-2.77,-2.77,-12.93,-13.14,-2.77,True,False,False,True,False,13.14
2022-05-11,27,1,1,1,1,available components <= 2; capped at 2,34.01,27.21,26.32,4,Orange,,Orange,Orange,False,Orange,16006.25,-2.43,-2.43,-2.43,-12.62,-12.84,-2.43,True,False,False,True,False,12.84
2022-05-12,35,1,1,1,1,available components <= 2; capped at 2,39.26,31.41,30.99,4,Orange,,Orange,Orange,False,Orange,15616.68,1.38,1.38,1.38,-10.45,-10.67,1.38,True,False,False,True,False,10.67
2022-05-13,23,1,1,1,1,available components <= 2; capped at 2,36.35,29.08,25.38,4,Orange,,Orange,Orange,False,Orange,15832.54,0.43,0.43,0.43,-11.67,-11.89,0.43,True,False,False,True,False,11.89
2022-05-16,23,1,1,1,1,available components <= 2; capped at 2,35.43,28.34,25.12,4,Orange,,Orange,Orange,False,Orange,15901.04,0.75,0.39,0.39,-12.27,-12.27,0.39,True,False,False,True,False,12.27
2022-05-17,23,1,1,1,1,available components <= 2; capped at 2,33.33,26.67,24.53,4,Orange,,Orange,Orange,False,Orange,16056.09,-0.58,-0.58,-0.58,-13.11,-13.11,-0.58,True,False,False,True,False,13.11
2022-05-18,23,1,1,1,1,available components <= 2; capped at 2,30.09,24.07,23.62,4,Orange,,Orange,Orange,False,Orange,16296.86,-2.04,-2.04,-2.81,-14.4,-14.4,-2.81,True,False,False,True,False,14.4
2022-05-19,31,1,1,1,1,available components <= 2; capped at 2,33.82,27.05,27.87,4,Orange,,Orange,Orange,False,Orange,16020.32,-0.35,-0.35,-2.37,-12.92,-12.92,-2.37,True,False,False,True,False,12.92
2022-05-20,23,1,1,1,1,available components <= 2; capped at 2,32.14,25.71,24.2,4,Orange,,Orange,Orange,False,Orange,16144.85,-1.12,-1.12,-4.81,-13.59,-13.59,-4.81,True,False,False,True,False,13.59
2022-05-23,23,1,1,1,1,available components <= 2; capped at 2,31.98,25.58,24.15,4,Orange,,Orange,Orange,False,Orange,16156.41,-1.19,-1.19,-4.88,-13.65,-13.65,-4.88,True,False,False,True,False,13.65
2022-05-24,31,1,1,1,1,available components <= 2; capped at 2,34.58,27.67,28.08,4,Orange,,Orange,Orange,False,Orange,15963.63,0.03,0.03,-3.86,-12.61,-12.61,-3.86,True,False,False,True,False,12.61
2022-05-25,23,1,1,1,1,available components <= 2; capped at 2,32.69,26.15,24.35,4,Orange,,Orange,Orange,False,Orange,16104.03,-0.84,-0.84,-5.76,-13.37,-13.37,-5.76,False,False,False,False,False,13.37
2022-05-26,31,1,1,1,1,available components <= 2; capped at 2,34.51,27.61,28.06,4,Orange,,Orange,Orange,False,Orange,15968.83,1.86,1.86,-4.96,-12.64,-12.64,-4.96,True,False,False,True,False,12.64
2022-05-27,15,0,1,0,0,available components <= 2; capped at 2,30.5,24.4,14.54,4,Orange,,Orange,Orange,False,Orange,16266.22,1.76,-1.2,-6.7,-14.24,-14.24,-6.7,False,False,False,False,False,14.24
2022-05-30,15,0,1,0,0,available components <= 2; capped at 2,25.85,20.68,13.24,4,Orange,,Orange,Orange,False,Orange,16610.62,-0.59,-3.39,-8.63,-16.01,-16.01,-8.63,False,False,False,False,False,16.01
2022-05-31,15,0,1,0,0,available components <= 2; capped at 2,24.55,18.55,12.77,4,Orange,,Orange,Orange,False,Orange,16807.77,-1.75,-4.81,-9.71,-17.0,-17.0,-9.71,False,False,False,False,False,17.0
2022-06-01,23,0,1,0,0,available components <= 2; capped at 2,24.98,19.99,16.19,4,Orange,,Orange,Orange,False,Orange,16675.09,-0.97,-5.02,-11.09,-16.34,-16.34,-11.09,False,False,False,False,False,16.34
2022-06-02,19,0,1,0,0,available components <= 2; capped at 2,26.63,24.0,15.33,4,Orange,,Orange,Orange,False,Orange,16552.57,-0.56,-5.51,-13.35,-15.72,-15.72,-13.35,False,False,False,False,False,15.72
2022-06-06,15,0,1,0,0,available components <= 2; capped at 2,25.91,20.73,13.26,4,Orange,,Orange,Orange,False,Orange,16605.96,-3.22,-7.46,-14.39,-15.99,-15.99,-14.39,False,False,False,False,False,15.99
2022-06-07,19,0,1,0,0,available components <= 2; capped at 2,27.17,21.74,15.21,4,Orange,,Orange,Orange,False,Orange,16512.88,-2.82,-6.94,-13.9,-15.52,-15.52,-13.9,False,False,False,False,False,15.52
2022-06-08,15,0,1,0,0,available components <= 2; capped at 2,25.04,20.03,13.01,4,Orange,,Orange,Orange,False,Orange,16670.51,-4.03,-7.93,-16.11,-16.32,-16.32,-16.11,False,False,False,False,False,16.32
2022-06-09,19,0,1,0,0,available components <= 2; capped at 2,25.71,20.57,14.8,4,Orange,,Orange,Orange,False,Orange,16621.34,-4.71,-8.69,-15.86,-16.07,-16.07,-15.86,False,False,False,False,False,16.07
2022-06-10,23,0,1,0,0,available components <= 2; capped at 2,27.88,24.0,17.18,4,Orange,,Orange,Orange,False,Orange,16460.12,-4.97,-7.8,-15.03,-15.25,-15.25,-15.03,False,False,False,False,False,15.25
2022-06-13,35,1,1,1,1,available components <= 2; capped at 2,33.13,36.0,30.23,4,Orange,,Orange,Orange,False,Orange,16070.98,-4.38,-5.57,-12.98,-13.19,-13.19,-12.98,False,False,False,False,False,13.19
2022-06-14,35,1,1,1,1,available components <= 2; capped at 2,33.45,48.0,31.49,4,Orange,,Orange,Orange,False,Orange,16047.37,-4.24,-5.43,-13.07,-13.07,-13.07,-13.07,False,False,False,False,False,13.07
2022-06-15,35,1,1,1,1,available components <= 2; capped at 2,34.1,60.0,32.82,4,Orange,,Orange,Orange,False,Orange,15999.25,-4.07,-5.14,-12.8,-12.8,-12.8,-12.8,False,False,False,False,False,12.8
2022-06-16,35,1,1,1,1,available components <= 2; capped at 2,36.27,72.0,34.45,4,Orange,,Orange,Orange,False,Orange,15838.61,-4.18,-6.4,-11.92,-11.92,-11.92,-11.92,False,False,False,False,False,11.92
2022-06-17,35,1,1,1,1,available components <= 2; capped at 2,38.93,84.0,36.19,4,Orange,,Orange,Orange,False,Orange,15641.26,-2.97,-8.3,-10.81,-10.81,-10.81,-10.81,False,False,False,False,False,10.81
2022-06-20,35,1,1,1,1,available components <= 2; capped at 2,42.63,96.0,38.13,4,Orange,,Orange,Orange,False,Orange,15367.58,-1.24,-7.49,-9.22,-9.22,-9.22,-9.22,False,False,True,False,False,9.22
2022-06-21,23,1,1,1,1,available components <= 2; capped at 2,37.75,30.2,25.77,4,Orange,,Orange,Orange,False,Orange,15728.64,-3.51,-9.61,-11.3,-11.3,-11.3,-11.3,False,False,False,False,False,11.3
2022-06-22,31,1,1,1,1,available components <= 2; capped at 2,42.89,34.31,30.41,4,Orange,,Orange,Orange,False,Orange,15347.75,-1.12,-8.88,-9.1,-9.1,-9.1,-9.1,False,False,True,False,False,9.1
2022-06-23,35,1,1,1,1,available components <= 2; capped at 2,45.2,36.16,32.66,4,Orange,,Orange,Orange,False,Orange,15176.44,-2.31,-7.85,-8.08,-8.08,-8.08,-8.08,False,False,True,False,False,8.08
2022-06-24,23,1,1,1,1,available components <= 2; capped at 2,43.49,34.79,27.38,4,Orange,,Orange,Orange,False,Orange,15303.32,-6.27,-8.61,-8.84,-8.84,-8.84,-8.84,False,False,True,False,False,8.84
2022-06-27,23,1,1,1,1,available components <= 2; capped at 2,40.19,32.15,26.45,4,Orange,,Orange,Orange,False,Orange,15548.01,-8.56,-10.05,-10.27,-10.27,-10.27,-10.27,False,False,False,False,False,10.27
2022-06-28,27,1,1,1,1,available components <= 2; capped at 2,41.65,33.32,28.46,4,Orange,,Orange,Orange,False,Orange,15439.92,-7.92,-9.65,-9.65,-9.65,-9.65,-9.65,False,False,True,False,False,9.65
2022-06-29,35,1,1,1,1,available components <= 2; capped at 2,44.35,35.48,32.42,4,Orange,,Orange,Orange,False,Orange,15240.13,-8.23,-8.46,-8.46,-8.46,-8.46,-8.46,False,False,True,False,False,8.46
2022-06-30,35,1,1,1,1,available components <= 2; capped at 2,49.94,39.95,33.98,4,Orange,,Orange,Orange,False,Orange,14825.73,-5.67,-5.9,-5.9,-5.9,-5.9,-5.9,False,True,True,False,False,5.9
2022-07-01,38,1,1,1,1,available components <= 2; capped at 2,56.45,48.0,37.29,4,Orange,,Orange,Orange,False,Orange,14343.08,-2.49,-2.74,-2.74,-2.74,-3.94,-2.74,True,True,True,False,True,3.94
2022-07-04,35,1,1,1,1,available components <= 2; capped at 2,58.15,60.0,37.63,4,Orange,,Orange,Orange,False,Orange,14217.06,-1.63,-1.87,-1.87,-1.87,-3.09,-1.87,True,True,True,False,True,3.09
2022-07-05,23,1,1,1,1,available components <= 2; capped at 2,56.37,45.09,30.98,4,Orange,,Orange,Orange,False,Orange,14349.2,-2.78,-2.78,-2.78,-2.78,-6.15,-2.78,True,True,True,False,True,6.15
2022-07-06,31,1,1,1,1,available components <= 2; capped at 2,61.28,49.02,35.56,4,Orange,,Orange,Orange,False,Orange,13985.51,-0.25,-0.25,-0.25,-0.25,-3.71,-0.25,True,True,True,False,True,3.71
2022-07-07,23,1,1,1,1,available components <= 2; capped at 2,56.54,45.23,31.03,4,Orange,,Orange,Orange,False,Orange,14336.27,-2.69,-2.69,-2.69,-2.69,-6.36,-2.69,True,True,True,False,True,6.36
2022-07-08,23,1,1,1,1,available components <= 2; capped at 2,54.81,43.85,30.55,4,Orange,,Orange,Orange,False,Orange,14464.53,-3.55,-3.55,-3.55,-3.55,-8.05,-3.55,True,True,True,False,True,8.05
2022-07-11,31,1,1,1,1,available components <= 2; capped at 2,56.48,45.19,34.22,4,Orange,,Orange,Orange,False,Orange,14340.53,-2.72,-2.72,-2.72,-2.72,-7.25,-2.72,True,True,True,False,True,7.25
2022-07-12,35,1,1,1,1,available components <= 2; capped at 2,61.75,49.4,37.29,4,Orange,,Orange,Orange,False,Orange,13950.62,2.68,2.68,2.68,2.68,-4.66,2.68,True,True,True,False,True,4.66
2022-07-13,23,1,1,1,1,available components <= 2; capped at 2,56.7,45.36,31.08,4,Orange,,Orange,Orange,False,Orange,14324.68,0.79,0.79,0.79,0.6,-7.15,0.79,True,True,True,False,True,7.15
2022-07-14,23,1,1,1,1,available components <= 2; capped at 2,55.16,44.13,30.65,4,Orange,,Orange,Orange,False,Orange,14438.52,0.78,0.78,0.78,-0.2,-7.88,0.78,True,True,True,False,True,7.88
2022-07-15,23,1,1,1,1,available components <= 2; capped at 2,53.65,42.92,30.22,4,Orange,,Orange,Orange,False,Orange,14550.62,0.99,0.99,0.99,-0.97,-9.93,0.99,True,True,True,False,True,9.93
2022-07-18,23,1,1,1,1,available components <= 2; capped at 2,51.37,41.1,29.58,4,Orange,,Orange,Orange,False,Orange,14719.64,-0.17,-0.17,-0.17,-2.1,-11.13,-0.17,True,True,False,True,False,11.13
2022-07-19,19,0,1,0,0,available components <= 2; capped at 2,51.71,41.37,22.08,4,Orange,,Orange,Orange,False,Orange,14694.08,0.27,0.27,0.06,-1.93,-12.82,0.06,True,True,False,True,False,12.82
2022-07-20,15,0,1,0,0,available components <= 2; capped at 2,51.19,40.95,20.33,4,Orange,,Orange,Orange,False,Orange,14733.22,0.5,0.1,-0.21,-2.19,-13.05,-0.21,True,True,False,True,False,13.05
2022-07-21,15,0,1,0,0,available components <= 2; capped at 2,48.43,38.74,19.56,4,Orange,,Orange,Orange,False,Orange,14937.7,-0.88,-1.58,-1.58,-3.53,-14.24,-1.58,True,True,False,True,False,14.24
2022-07-22,15,0,1,0,0,available components <= 2; capped at 2,48.27,38.62,19.52,4,Orange,,Orange,Orange,False,Orange,14949.36,-0.95,-1.65,-1.65,-3.61,-14.31,-1.65,True,True,False,True,False,14.31
2022-07-25,19,0,1,0,0,available components <= 2; capped at 2,48.44,38.76,21.16,4,Orange,,Orange,Orange,False,Orange,14936.33,-0.87,-1.57,-1.57,-3.52,-14.23,-1.57,True,True,False,True,False,14.23
2022-07-26,23,0,1,0,0,available components <= 2; capped at 2,50.19,40.15,23.25,4,Orange,,Orange,Orange,False,Orange,14806.78,-0.4,-0.71,-0.71,-2.68,-13.48,-0.71,True,True,False,True,False,13.48
2022-07-27,15,0,1,0,0,available components <= 2; capped at 2,48.64,38.91,19.62,4,Orange,,Orange,Orange,False,Orange,14921.59,-1.17,-1.47,-1.47,-4.27,-14.15,-1.47,True,True,False,True,False,14.15
2022-07-28,19,0,1,0,0,available components <= 2; capped at 2,49.04,39.24,21.33,4,Orange,,Orange,Orange,False,Orange,14891.9,-1.27,-1.27,-1.27,-5.19,-13.98,-1.27,True,True,False,True,False,13.98
2022-07-29,15,0,1,0,0,available components <= 2; capped at 2,47.58,38.07,19.32,4,Orange,,Orange,Orange,False,Orange,15000.07,-1.99,-1.99,-1.99,-8.15,-15.56,-1.99,True,False,False,True,False,15.56
2022-08-01,19,0,1,0,0,available components <= 2; capped at 2,47.83,38.27,20.99,4,Orange,,Orange,Orange,False,Orange,14981.69,-1.87,-1.87,-1.87,-8.03,-15.46,-1.87,True,False,False,True,False,15.46
2022-08-02,23,0,1,0,0,available components <= 2; capped at 2,51.0,40.8,23.48,4,Orange,,Orange,Orange,False,Orange,14747.23,-0.31,-0.31,-0.31,-8.69,-14.11,-0.31,True,False,False,True,False,14.11
2022-08-03,15,0,1,0,0,available components <= 2; capped at 2,50.59,40.48,20.17,4,Orange,,Orange,Orange,False,Orange,14777.02,-0.51,-0.51,-0.51,-8.87,-14.29,-0.51,True,False,False,True,False,14.29
2022-08-04,19,0,1,0,0,available components <= 2; capped at 2,51.6,41.28,22.05,4,Orange,,Orange,Orange,False,Orange,14702.2,1.61,1.61,0.68,-8.69,-13.85,0.68,True,False,False,True,False,13.85
2022-08-05,15,0,1,0,0,available components <= 2; capped at 2,47.1,37.68,19.19,4,Orange,,Orange,Orange,False,Orange,15036.04,-0.65,-0.65,-2.41,-11.54,-15.76,-2.41,True,False,False,True,False,15.76
2022-08-08,19,0,1,0,0,available components <= 2; capped at 2,47.31,37.85,20.85,4,Orange,,Orange,Orange,False,Orange,15020.41,-0.54,-0.54,-2.39,-11.45,-15.67,-2.39,True,False,False,True,False,15.67
2022-08-09,15,0,1,0,0,available components <= 2; capped at 2,46.91,37.53,19.13,4,Orange,,Orange,Orange,False,Orange,15050.28,-0.74,-0.74,-2.59,-11.63,-15.84,-2.59,True,False,False,True,False,15.84
2022-08-10,19,0,1,0,0,available components <= 2; capped at 2,48.41,38.73,21.15,4,Orange,,Orange,Orange,False,Orange,14939.02,1.73,0.87,-3.54,-10.97,-15.21,-3.54,True,False,False,True,False,15.21
2022-08-11,15,0,1,0,0,available components <= 2; capped at 2,44.92,35.93,18.58,4,Orange,,Orange,Orange,False,Orange,15197.85,0.6,-0.85,-5.18,-12.48,-16.66,-5.18,False,False,False,False,False,16.66
2022-08-12,15,0,1,0,0,available components <= 2; capped at 2,43.69,34.95,18.23,4,Orange,,Orange,Orange,False,Orange,15288.97,0.71,-1.44,-5.75,-14.28,-17.16,-5.75,False,False,False,False,False,17.16
2022-08-15,0,0,1,0,0,available components <= 2; capped at 2,41.95,33.56,11.75,3,Strengthened Yellow,,Strengthened Yellow,Strengthened Yellow,False,Strengthened Yellow,15417.35,-1.12,-3.19,-6.53,-15.15,-17.85,-6.53,False,False,False,False,False,0.0
2022-08-16,0,0,1,0,0,available components <= 2; capped at 2,41.91,33.53,11.73,3,Strengthened Yellow,,Strengthened Yellow,Strengthened Yellow,False,Strengthened Yellow,15420.57,-2.11,-3.21,-6.55,-16.92,-17.86,-6.55,False,False,False,False,False,0.0
2022-08-17,0,0,1,0,0,available components <= 2; capped at 2,41.3,33.04,11.57,3,Strengthened Yellow,,Strengthened Yellow,Strengthened Yellow,False,Strengthened Yellow,15465.45,-2.56,-3.49,-6.82,-17.17,-18.1,-6.82,False,False,False,False,False,0.0
2022-08-18,8,0,1,0,0,available components <= 2; capped at 2,42.23,33.79,15.02,3,Strengthened Yellow,,Strengthened Yellow,Strengthened Yellow,False,Strengthened Yellow,15396.76,-2.13,-3.86,-6.41,-16.8,-17.74,-6.41,False,False,False,False,False,0.0
2022-08-19,4,0,1,0,0,available components <= 2; capped at 2,42.07,33.66,13.38,3,Strengthened Yellow,,Strengthened Yellow,Strengthened Yellow,False,Strengthened Yellow,15408.78,-2.2,-4.77,-6.48,-16.86,-17.8,-6.48,False,False,False,False,False,0.0
2022-08-22,23,0,1,0,0,available components <= 2; capped at 2,44.28,35.42,21.6,4,Orange,,Orange,Orange,False,Orange,15245.14,-2.09,-3.83,-5.48,-15.97,-16.92,-5.48,False,False,False,False,False,16.92
2022-08-23,35,1,1,1,1,available components <= 2; capped at 2,46.29,37.03,32.96,4,Orange,,Orange,Orange,False,Orange,15095.89,-1.12,-2.88,-4.54,-15.14,-16.1,-4.54,True,False,False,True,False,16.1
2022-08-24,35,1,1,1,1,available components <= 2; capped at 2,46.65,37.32,33.06,4,Orange,,Orange,Orange,False,Orange,15069.19,-0.95,-4.37,-5.21,-14.99,-15.95,-5.21,False,False,False,False,False,15.95
2022-08-25,4,0,1,0,0,available components <= 2; capped at 2,44.89,35.91,14.17,3,Strengthened Yellow,,Strengthened Yellow,Strengthened Yellow,False,Strengthened Yellow,15200.04,-2.62,-5.2,-7.12,-15.72,-16.67,-7.12,False,False,False,False,False,0.0
2022-08-26,0,0,1,0,0,available components <= 2; capped at 2,43.83,35.06,12.27,3,Strengthened Yellow,,Strengthened Yellow,Strengthened Yellow,False,Strengthened Yellow,15278.44,-3.96,-5.68,-9.82,-17.1,-17.1,-9.82,False,False,False,False,False,0.0
2022-08-29,31,1,1,1,1,available components <= 2; capped at 2,48.58,38.87,32.0,3,Strengthened Yellow,,Strengthened Yellow,Strengthened Yellow,False,Strengthened Yellow,14926.19,-1.78,-3.46,-7.69,-15.14,-15.14,-7.69,False,False,False,False,False,0.0
2022-08-30,23,1,1,1,1,available components <= 2; capped at 2,48.21,38.57,28.7,3,Strengthened Yellow,,Strengthened Yellow,Strengthened Yellow,False,Strengthened Yellow,14953.63,-1.96,-3.64,-9.95,-15.3,-15.3,-9.95,False,False,False,False,False,0.0
2022-08-31,20,1,1,1,1,available components <= 2; capped at 2,46.3,37.04,26.96,2,Yellow,,Yellow,Yellow,False,Yellow,15095.44,-4.54,-4.54,-10.79,-16.09,-16.09,-10.79,False,False,False,False,False,0.0
2022-09-01,31,1,1,1,1,available components <= 2; capped at 2,50.26,40.21,32.47,3,Strengthened Yellow,,Strengthened Yellow,Strengthened Yellow,False,Strengthened Yellow,14801.86,-2.65,-2.65,-9.3,-14.43,-14.43,-9.3,False,False,False,False,False,0.0
2022-09-02,35,1,1,1,1,available components <= 2; capped at 2,52.0,41.6,34.56,3,Strengthened Yellow,,Strengthened Yellow,Strengthened Yellow,False,Strengthened Yellow,14673.04,-1.79,-1.79,-9.35,-13.68,-13.68,-9.35,False,False,False,False,False,0.0
2022-09-05,35,1,1,1,1,available components <= 2; capped at 2,52.16,41.73,34.6,3,Strengthened Yellow,,Strengthened Yellow,Strengthened Yellow,False,Strengthened Yellow,14661.1,-1.71,-1.71,-9.28,-13.61,-13.61,-9.28,False,False,False,False,False,0.0
2022-09-06,23,1,1,1,1,available components <= 2; capped at 2,51.94,41.55,29.74,3,Strengthened Yellow,,Strengthened Yellow,Strengthened Yellow,False,Strengthened Yellow,14677.2,-1.82,-1.82,-9.38,-13.7,-13.7,-9.38,False,False,False,False,False,0.0
2022-09-07,31,1,1,1,1,available components <= 2; capped at 2,55.55,44.44,33.95,3,Strengthened Yellow,,Strengthened Yellow,Strengthened Yellow,False,Strengthened Yellow,14410.05,1.2,-0.87,-7.7,-12.1,-12.1,-7.7,False,False,False,False,False,0.0
2022-09-08,23,1,1,1,1,available components <= 2; capped at 2,53.21,42.57,30.1,3,Strengthened Yellow,,Strengthened Yellow,Strengthened Yellow,False,Strengthened Yellow,14583.42,-0.15,-3.19,-8.8,-13.15,-13.15,-8.8,False,False,False,False,False,0.0
2022-09-12,23,1,1,1,1,available components <= 2; capped at 2,50.18,40.15,29.25,3,Strengthened Yellow,,Strengthened Yellow,Strengthened Yellow,False,Strengthened Yellow,14807.43,-2.58,-6.95,-11.49,-14.46,-14.46,-11.49,False,False,False,False,False,0.0
2022-09-13,23,1,1,1,1,available components <= 2; capped at 2,49.01,39.21,28.92,3,Strengthened Yellow,,Strengthened Yellow,Strengthened Yellow,False,Strengthened Yellow,14894.41,-3.15,-7.49,-12.17,-14.96,-14.96,-12.17,False,False,False,False,False,0.0
2022-09-14,31,1,1,1,1,available components <= 2; capped at 2,52.2,41.76,33.02,3,Strengthened Yellow,,Strengthened Yellow,Strengthened Yellow,False,Strengthened Yellow,14658.31,-1.59,-8.13,-12.6,-13.59,-13.59,-12.6,False,False,False,False,False,0.0
2022-09-15,23,1,1,1,1,available components <= 2; capped at 2,52.04,41.63,29.77,3,Strengthened Yellow,,Strengthened Yellow,Strengthened Yellow,False,Strengthened Yellow,14670.04,-2.63,-8.21,-12.67,-13.66,-13.66,-12.67,False,False,False,False,False,0.0
2022-09-16,27,1,1,1,1,available components <= 2; capped at 2,53.5,42.8,31.78,3,Strengthened Yellow,,Strengthened Yellow,Strengthened Yellow,False,Strengthened Yellow,14561.76,-3.04,-7.81,-12.02,-13.02,-13.02,-12.02,False,False,False,False,False,0.0
2022-09-19,35,1,1,1,1,available components <= 2; capped at 2,55.34,44.27,35.49,4,Orange,,Orange,Orange,False,Orange,14425.68,-4.49,-7.8,-11.19,-12.2,-12.2,-11.19,False,False,False,False,False,12.2
2022-09-20,23,1,1,1,1,available components <= 2; capped at 2,53.67,42.93,30.23,4,Orange,,Orange,Orange,False,Orange,14549.3,-5.3,-8.58,-11.95,-12.94,-12.94,-11.95,False,False,False,False,False,12.94
2022-09-21,31,1,1,1,1,available components <= 2; capped at 2,55.35,44.28,33.9,4,Orange,,Orange,Orange,False,Orange,14424.52,-6.64,-7.79,-11.19,-12.19,-12.19,-11.19,False,False,False,False,False,12.19
2022-09-22,35,1,1,1,1,available components <= 2; capped at 2,57.24,45.79,36.03,4,Orange,,Orange,Orange,False,Orange,14284.63,-5.73,-6.89,-10.32,-11.33,-11.33,-10.32,False,False,False,False,False,11.33
2022-09-23,35,1,1,1,1,available components <= 2; capped at 2,59.48,47.59,36.66,4,Orange,,Orange,Orange,False,Orange,14118.38,-4.91,-5.79,-9.26,-10.29,-10.29,-9.26,False,False,False,False,False,10.29
2022-09-26,35,1,1,1,1,available components <= 2; capped at 2,64.07,51.26,37.94,4,Orange,,Orange,Orange,False,Orange,13778.19,-3.47,-4.88,-8.07,-8.07,-8.07,-8.07,False,False,True,False,False,8.07
2022-09-27,23,1,1,1,1,available components <= 2; capped at 2,63.42,50.74,32.96,4,Orange,,Orange,Orange,False,Orange,13826.59,-3.81,-5.39,-8.39,-8.39,-8.39,-8.39,False,False,True,False,False,8.39
2022-09-28,31,1,1,1,1,available components <= 2; capped at 2,68.28,54.63,37.52,4,Orange,,Orange,Orange,False,Orange,13466.07,-1.23,-4.87,-5.94,-5.94,-5.94,-5.94,False,True,True,False,False,5.94
2022-09-29,23,1,1,1,1,available components <= 2; capped at 2,67.36,53.89,34.06,4,Orange,,Orange,Orange,False,Orange,13534.26,-1.73,-5.35,-6.41,-6.41,-6.41,-6.41,False,True,True,False,False,6.41
2022-09-30,31,1,1,1,1,available components <= 2; capped at 2,68.84,55.08,37.68,4,Orange,,Orange,Orange,False,Orange,13424.58,-0.92,-4.57,-5.65,-5.65,-5.65,-5.65,False,True,True,False,False,5.65
2022-10-03,35,1,1,1,1,available components <= 2; capped at 2,70.52,56.42,39.75,4,Orange,,Orange,Orange,False,Orange,13300.48,-1.46,-3.68,-4.77,-4.77,-4.77,-4.77,True,True,True,False,True,4.77
2022-10-04,23,1,1,1,1,available components <= 2; capped at 2,66.79,53.44,33.9,4,Orange,,Orange,Orange,False,Orange,13576.52,-3.65,-5.64,-6.71,-6.71,-6.71,-6.71,False,True,True,False,False,6.71
2022-10-05,23,1,1,1,1,available components <= 2; capped at 2,63.76,51.01,33.05,4,Orange,,Orange,Orange,False,Orange,13801.43,-7.18,-7.18,-8.23,-8.23,-8.23,-8.23,False,False,True,False,False,8.23
2022-10-06,23,1,1,1,1,available components <= 2; capped at 2,62.54,50.03,32.71,4,Orange,,Orange,Orange,False,Orange,13892.05,-7.78,-7.78,-8.82,-8.82,-8.82,-8.82,False,False,True,False,False,8.82
2022-10-07,31,1,1,1,1,available components <= 2; capped at 2,65.1,52.08,36.63,4,Orange,,Orange,Orange,False,Orange,13702.28,-6.51,-6.51,-7.56,-7.56,-7.56,-7.56,False,True,True,False,False,7.56
2022-10-11,38,1,1,1,1,available components <= 2; capped at 2,73.14,58.51,41.68,4,Orange,,Orange,Orange,False,Orange,13106.03,-2.25,-3.36,-3.36,-3.36,-3.36,-3.36,True,True,True,False,True,3.36
2022-10-12,35,1,1,1,1,available components <= 2; capped at 2,73.48,58.78,40.57,4,Orange,,Orange,Orange,False,Orange,13081.24,-2.07,-3.17,-3.17,-3.17,-3.17,-3.17,True,True,True,False,True,3.17
2022-10-13,35,1,1,1,1,available components <= 2; capped at 2,77.13,61.7,41.6,4,Orange,,Orange,Orange,False,Orange,12810.73,1.06,-1.13,-1.13,-1.13,-1.13,-1.13,True,True,True,False,True,1.13
2022-10-14,23,1,1,1,1,available components <= 2; capped at 2,72.85,58.28,35.6,4,Orange,,Orange,Orange,False,Orange,13128.12,-2.35,-3.52,-3.52,-3.52,-3.52,-3.52,True,True,True,False,True,3.52
2022-10-17,31,1,1,1,1,available components <= 2; capped at 2,75.03,60.03,39.41,4,Orange,,Orange,Orange,False,Orange,12966.05,-1.13,-2.31,-2.31,-2.31,-2.31,-2.31,True,True,True,False,True,2.31
2022-10-18,23,1,1,1,1,available components <= 2; capped at 2,72.89,58.31,35.61,4,Orange,,Orange,Orange,False,Orange,13124.68,-3.49,-3.49,-3.49,-3.49,-3.49,-3.49,True,True,True,False,True,3.49
2022-10-19,31,1,1,1,1,available components <= 2; capped at 2,74.89,59.91,39.37,4,Orange,,Orange,Orange,False,Orange,12976.76,-2.39,-2.39,-2.39,-2.39,-2.39,-2.39,True,True,True,False,True,2.39
2022-10-20,35,1,1,1,1,available components <= 2; capped at 2,75.3,60.24,41.08,4,Orange,,Orange,Orange,False,Orange,12946.1,-2.16,-2.16,-2.16,-2.16,-2.16,-2.16,True,True,True,False,True,2.16
2022-10-21,35,1,1,1,1,available components <= 2; capped at 2,77.01,61.61,41.56,4,Orange,,Orange,Orange,False,Orange,12819.2,-1.19,-1.19,-1.19,-1.19,-1.19,-1.19,True,True,True,False,True,1.19
2022-10-24,23,1,1,1,1,available components <= 2; capped at 2,76.5,61.2,36.62,4,Orange,,Orange,Orange,False,Orange,12856.98,-1.48,-1.48,-1.48,-1.48,-1.48,-1.48,True,True,True,False,True,1.48
2022-10-25,31,1,1,1,1,available components <= 2; capped at 2,79.08,63.26,40.54,4,Orange,,Orange,Orange,False,Orange,12666.12,0.5,0.5,0.5,0.5,0.5,0.5,True,True,True,False,True,0.0
2022-10-26,23,1,1,1,1,available components <= 2; capped at 2,78.23,62.58,37.1,4,Orange,,Orange,Orange,False,Orange,12729.05,0.47,0.47,0.47,0.47,0.47,0.47,True,True,True,False,True,0.0
2022-10-27,23,1,1,1,1,available components <= 2; capped at 2,75.57,60.45,36.36,4,Orange,,Orange,Orange,False,Orange,12926.37,-1.07,-1.07,-1.07,-1.07,-1.07,-1.07,True,True,True,False,True,1.07
2022-10-28,31,1,1,1,1,available components <= 2; capped at 2,77.43,61.94,40.08,4,Orange,,Orange,Orange,False,Orange,12788.42,1.26,1.26,1.26,1.26,1.26,1.26,True,True,True,False,True,0.0
2022-10-31,23,1,1,1,1,available components <= 2; capped at 2,75.25,60.2,36.27,4,Orange,,Orange,Orange,False,Orange,12949.75,0.28,0.28,0.28,0.28,0.28,0.28,True,True,True,False,True,0.0
2022-11-01,23,1,1,1,1,available components <= 2; capped at 2,74.07,59.26,35.94,4,Orange,,Orange,Orange,False,Orange,13037.21,-0.39,-0.39,-0.39,-0.39,-0.39,-0.39,True,True,True,False,True,0.39
2022-11-02,15,0,1,0,0,available components <= 2; capped at 2,73.22,58.58,26.5,4,Orange,,Orange,Orange,False,Orange,13100.17,-0.87,-0.87,-0.87,-0.87,-0.87,-0.87,True,True,True,False,True,0.87
2022-11-03,31,1,1,1,1,available components <= 2; capped at 2,74.76,59.8,39.33,4,Orange,,Orange,Orange,False,Orange,12986.6,0.31,0.31,0.31,0.31,0.31,0.31,True,True,True,False,True,0.0
2022-11-04,15,0,1,0,0,available components <= 2; capped at 2,74.21,59.37,26.78,4,Orange,,Orange,Orange,False,Orange,13026.71,1.51,1.51,1.51,1.51,1.51,1.51,True,True,True,False,True,0.0
2022-11-07,15,0,1,0,0,available components <= 2; capped at 2,71.56,57.24,26.04,4,Orange,,Orange,Orange,False,Orange,13223.73,0.94,0.94,0.94,0.94,0.94,0.94,True,True,True,False,True,0.0
2022-11-08,15,0,1,0,0,available components <= 2; capped at 2,69.88,55.91,25.57,4,Orange,,Orange,Orange,False,Orange,13347.76,1.17,1.17,1.17,1.17,1.17,1.17,True,True,True,False,True,0.0
2022-11-09,15,0,1,0,0,available components <= 2; capped at 2,65.95,52.76,24.47,4,Orange,,Orange,Orange,False,Orange,13638.81,-0.99,-0.99,-0.99,-0.99,-0.99,-0.99,True,True,True,False,True,0.99
2022-11-10,23,0,1,0,0,available components <= 2; capped at 2,67.78,54.22,28.18,4,Orange,,Orange,Orange,False,Orange,13503.76,3.73,3.73,3.73,3.73,3.73,3.73,True,True,True,False,True,0.0
2022-11-11,0,0,1,0,0,available components <= 2; capped at 2,60.98,48.78,17.07,3,Strengthened Yellow,,Strengthened Yellow,Strengthened Yellow,False,Strengthened Yellow,14007.56,1.19,1.19,1.19,0.55,0.55,1.19,False,False,False,False,False,0.0
2022-11-14,0,0,1,0,0,available components <= 2; capped at 2,58.72,46.98,16.44,3,Strengthened Yellow,,Strengthened Yellow,Strengthened Yellow,False,Strengthened Yellow,14174.9,2.33,1.94,1.94,-0.63,-0.63,1.94,False,False,False,False,False,0.0
2022-11-15,0,0,1,0,0,available components <= 2; capped at 2,53.71,42.97,15.04,3,Strengthened Yellow,,Strengthened Yellow,Strengthened Yellow,False,Strengthened Yellow,14546.31,-0.67,-0.67,-0.67,-3.17,-3.17,-0.67,False,False,False,False,False,0.0
2022-11-16,4,0,1,0,0,available components <= 2; capped at 2,53.83,43.06,16.67,3,Strengthened Yellow,,Strengthened Yellow,Strengthened Yellow,False,Strengthened Yellow,14537.35,-0.61,-0.61,-0.61,-3.11,-3.11,-0.61,False,False,False,False,False,0.0
2022-11-17,4,0,1,0,0,available components <= 2; capped at 2,53.86,43.09,16.68,3,Strengthened Yellow,,Strengthened Yellow,Strengthened Yellow,False,Strengthened Yellow,14535.23,-0.59,-0.59,-0.59,-3.1,-3.1,-0.59,False,False,False,False,False,0.0
2022-11-18,4,0,1,0,0,available components <= 2; capped at 2,54.27,43.41,16.79,3,Strengthened Yellow,,Strengthened Yellow,Strengthened Yellow,False,Strengthened Yellow,14504.99,-0.38,-0.38,-0.38,-2.9,-2.9,-0.38,False,False,False,False,False,0.0
2022-11-19,4,0,1,0,0,available components <= 2; capped at 2,54.27,43.41,16.79,3,Strengthened Yellow,,Strengthened Yellow,Strengthened Yellow,False,Strengthened Yellow,14504.99,-0.38,-0.38,-0.38,-2.9,-2.9,-0.38,False,False,False,False,False,0.0
2022-11-21,8,0,1,0,0,available components <= 2; capped at 2,55.02,44.01,18.6,3,Strengthened Yellow,,Strengthened Yellow,Strengthened Yellow,False,Strengthened Yellow,14449.39,0.64,0.64,-0.11,-2.52,-2.52,-0.11,False,False,False,False,False,0.0
2022-11-22,0,0,1,0,0,available components <= 2; capped at 2,53.76,43.01,15.05,3,Strengthened Yellow,,Strengthened Yellow,Strengthened Yellow,False,Strengthened Yellow,14542.2,0.1,0.1,-2.56,-3.14,-3.14,-2.56,False,False,False,False,False,0.0
2022-11-23,0,0,1,0,0,available components <= 2; capped at 2,52.87,42.29,14.8,3,Strengthened Yellow,,Strengthened Yellow,Strengthened Yellow,False,Strengthened Yellow,14608.54,-0.35,-0.35,-3.0,-3.58,-3.58,-3.0,False,False,False,False,False,0.0
2022-11-24,0,0,1,0,0,available components <= 2; capped at 2,50.5,40.4,14.14,2,Yellow,,Yellow,Yellow,False,Yellow,14784.0,-1.54,-1.56,-4.15,-4.73,-4.73,-4.15,False,False,False,False,False,0.0
2022-11-25,4,0,1,0,0,available components <= 2; capped at 2,50.57,40.46,15.76,2,Yellow,,Yellow,Yellow,False,Yellow,14778.51,-1.5,-1.53,-4.12,-4.69,-4.69,-4.12,False,False,False,False,False,0.0
2022-11-28,12,0,1,0,0,available components <= 2; capped at 2,53.57,42.85,19.8,2,Yellow,,Yellow,Yellow,False,Yellow,14556.87,1.05,-0.03,-2.66,-3.24,-3.24,-2.66,False,False,False,False,False,0.0
2022-11-29,0,0,1,0,0,available components <= 2; capped at 2,51.5,41.2,14.42,0,,,Yellow,Yellow,False,Yellow,14709.64,0.13,-1.27,-3.67,-4.25,-4.25,-3.67,False,False,False,False,False,0.0
2022-11-30,0,0,1,0,0,available components <= 2; capped at 2,49.21,39.37,13.78,0,,,Yellow,Yellow,False,Yellow,14879.55,-1.68,-2.4,-4.77,-5.34,-5.34,-4.77,False,False,False,False,False,0.0
2022-12-01,0,0,1,0,0,available components <= 2; capped at 2,47.41,37.93,13.28,0,,,Yellow,Yellow,False,Yellow,15012.8,-3.06,-3.26,-6.18,-6.18,-6.18,-6.18,False,False,False,False,False,0.0
2022-12-02,4,0,1,0,0,available components <= 2; capped at 2,47.98,38.39,15.03,0,,,Yellow,Yellow,False,Yellow,14970.68,-2.79,-2.99,-5.92,-5.92,-5.92,-5.92,False,False,False,False,False,0.0
2022-12-05,0,0,1,0,0,available components <= 2; capped at 2,47.85,38.28,13.4,0,,,Yellow,Yellow,False,Yellow,14980.74,-2.85,-3.65,-5.98,-5.98,-5.98,-5.98,False,False,False,False,False,0.0
2022-12-06,12,0,1,0,0,available components <= 2; capped at 2,51.24,41.0,19.15,2,Yellow,,Yellow,Yellow,False,Yellow,14728.88,-1.4,-3.79,-4.37,-4.37,-4.37,-4.37,False,False,False,False,False,0.0
2022-12-07,8,0,1,0,0,available components <= 2; capped at 2,52.58,42.06,17.92,2,Yellow,,Yellow,Yellow,False,Yellow,14630.01,-0.73,-3.14,-3.73,-3.73,-3.73,-3.73,False,False,False,False,False,0.0
2022-12-08,32,1,1,1,1,available components <= 2; capped at 2,53.62,42.89,33.81,2,Yellow,,Yellow,Yellow,False,Yellow,14553.04,-0.21,-2.63,-3.22,-3.22,-3.22,-3.22,False,False,False,False,False,0.0
2022-12-09,4,0,1,0,0,available components <= 2; capped at 2,51.56,41.25,16.04,0,,,Yellow,Yellow,False,Yellow,14705.43,-1.24,-3.64,-4.22,-4.22,-4.22,-4.22,False,False,False,False,False,0.0
2022-12-12,20,1,1,1,1,available components <= 2; capped at 2,52.81,42.25,28.79,0,,,Yellow,Yellow,False,Yellow,14612.59,-1.23,-3.03,-3.61,-3.61,-3.61,-3.61,False,False,False,False,False,0.0
2022-12-13,32,1,1,1,1,available components <= 2; capped at 2,54.02,43.22,33.93,2,Yellow,,Yellow,Yellow,False,Yellow,14522.96,-2.43,-2.43,-3.02,-3.02,-3.02,-3.02,False,False,False,False,False,0.0
2022-12-14,0,0,1,0,0,available components <= 2; capped at 2,51.1,40.88,14.31,0,,,Yellow,Yellow,False,Yellow,14739.36,-3.86,-3.86,-4.44,-4.44,-4.44,-4.44,False,False,False,False,False,0.0
2022-12-15,4,0,1,0,0,available components <= 2; capped at 2,51.17,40.94,15.93,0,,,Yellow,Yellow,False,Yellow,14734.13,-3.83,-4.41,-4.41,-4.41,-4.41,-4.41,False,False,False,False,False,0.0
2022-12-16,28,1,1,1,1,available components <= 2; capped at 2,53.95,43.16,32.31,0,,,Yellow,Yellow,False,Yellow,14528.55,-2.47,-3.05,-3.05,-3.05,-3.05,-3.05,False,False,False,False,False,0.0
2022-12-19,32,1,1,1,1,available components <= 2; capped at 2,55.23,44.19,34.27,0,,,Yellow,Yellow,False,Yellow,14433.32,-1.82,-2.41,-2.41,-2.41,-2.41,-2.41,False,False,False,False,False,0.0
2022-12-20,32,1,1,1,1,available components <= 2; capped at 2,58.79,48.0,35.36,0,,,Yellow,Yellow,False,Yellow,14170.03,0.45,-0.6,-0.6,-0.6,-0.6,-0.6,False,False,False,False,False,0.0
2022-12-21,20,1,1,1,1,available components <= 2; capped at 2,57.92,46.33,30.22,0,,,Yellow,Yellow,False,Yellow,14234.4,-0.43,-1.05,-1.05,-1.05,-1.05,-1.05,False,False,False,False,False,0.0
2022-12-22,20,1,1,1,1,available components <= 2; capped at 2,55.1,44.08,29.43,0,,,Yellow,Yellow,False,Yellow,14442.94,-2.48,-2.48,-2.48,-2.48,-2.48,-2.48,False,False,False,False,False,0.0
2022-12-23,28,1,1,1,1,available components <= 2; capped at 2,57.41,45.93,33.28,0,,,Yellow,Yellow,False,Yellow,14271.63,-1.31,-1.31,-1.31,-1.31,-1.31,-1.31,False,False,False,False,False,0.0
2022-12-26,20,1,1,1,1,available components <= 2; capped at 2,57.23,45.79,30.03,0,,,Yellow,Yellow,False,Yellow,14285.13,-1.4,-1.4,-1.4,-1.4,-1.4,-1.4,False,False,False,False,False,0.0
2022-12-27,20,1,1,1,1,available components <= 2; capped at 2,56.65,45.32,29.86,0,,,Yellow,Yellow,False,Yellow,14328.43,-1.7,-1.7,-1.7,-1.7,-1.7,-1.7,False,False,False,False,False,0.0
2022-12-28,28,1,1,1,1,available components <= 2; capped at 2,58.74,47.0,33.65,0,,,Yellow,Yellow,False,Yellow,14173.1,-0.62,-0.62,-0.62,-0.62,-0.62,-0.62,False,False,False,False,False,0.0
2022-12-29,32,1,1,1,1,available components <= 2; capped at 2,59.93,47.95,35.58,0,,,Yellow,Yellow,False,Yellow,14085.02,0.37,0.37,0.37,0.37,0.37,0.37,False,False,False,False,False,0.0
2022-12-30,20,1,1,1,1,available components <= 2; capped at 2,59.22,47.38,30.58,0,,,Yellow,Yellow,False,Yellow,14137.69,0.0,0.0,0.0,0.0,0.0,0.0,False,False,False,False,False,0.0
